id,fecha,hora,hora_aproximada,lugar,titulo,texto,fuente,archivo_corpus,nota
1,1954-06-03,,,Ciudad de México,La Carretera Central apunta a Piedras Negras,"El secretario de Comunicaciones, arq. Carlos Lazo, informa al presidente que se espera terminar ese año el tramo Querétaro–San Luis Potosí de la carretera central, que «unirá al centro del país con la fronteriza ciudad norteña de Piedras Negras».","El Nacional Revolucionario, 3 jun 1954",1954-06-03_ART_ElNacRevolucionario_carretera-central-piedras-negras.txt,
2,1954-06-21,,,Washington,Sequía récord en Texas,El U.S. Geological Survey informa que en 1953 el descenso neto promedio del nivel del agua en más de 400 pozos de observación de las High Plains de Texas fue el mayor registrado.,"Cleburne Times-Review, 21 jun 1954, p. 6 (UP)",1954-06-21_ART_Cleburne Times-Review_Water Decline Record Heat Wave.txt,
3,1954-06-25,,,"Brownsville, Texas",«ALICE IS A FLOP»,El primer huracán de la temporada entra por la costa mexicana a 75 millas al sur de Brownsville. Un meteorólogo de Fort Worth: «Ya no hay peligro en él. Lo peor que puede hacer es maltratar las cosechas del valle del Río Grande».,"Sweetwater Reporter, 25 jun 1954, p. 1 (UP)",1954-06-25_ART_SweetwaterReporter_HurricaneAliceFlop.txt,
4,1954-06-26,,,Ciudad de México,«Perdiendo intensidad rápidamente»,Pronóstico: la «pequeña perturbación ciclónica del Golfo» entró a tierra esa mañana al sur de Matamoros y se desplaza al noroeste por la cuenca del Bravo «perdiendo intensidad rápidamente»; anuncia lluvias moderadas y fuertes hasta la región fronteriza de Coahuila.,"El Nacional Revolucionario, 26 jun 1954, sección del tiempo",1954-06-26_ART_El-Nacional-Revolucionario_Tiempo-Probable-Para-Hoy-Pronostico.txt,
5,1954-06-26,,,Texas,Un pronóstico ordinario,"El Weather Bureau anuncia para el oeste de Texas nubosidad parcial y tormentas dispersas, con chubascos en el área de Del Río–Eagle Pass el sábado y «sin cambio importante de temperatura».","Abilene Reporter-News, 26 jun 1954, p. 1",1954-06-26_ART_AbileneReporterNews_WeatherForecast.txt,
6,1954-06-26,,,Eagle Pass / Piedras Negras,El primer aviso cruza el río,"Desde el sábado, las autoridades de Eagle Pass comunican a Piedras Negras que el Bravo traerá un volumen excepcional de agua. El alcalde Rolando González, «con cierto recelo», ordena salir a los vecinos de las vegas del río, El Pocito y la colonia Bravo.","Faz Villarreal, M. H., «La Inundación de Piedras Negras, en Junio de 1954» (testimonio, archivo familiar)",1954-06-28_ART_FazVillarreal_inundacion-piedras-negras-testimonio-periodistico-manuscrito.txt,El testimonio dice «desde el sábado anterior»; no da hora.
7,1954-06-27,15:00,,Eagle Pass / Piedras Negras,2.7 metros en la escala,A las 15:00 la escala de Eagle Pass–Piedras Negras marca solo 2.7 m; Del Río alcanza los 10 m y se espera una cresta de 21.3 m desde el cañón del Pecos.,"El Porvenir, 28 jun 1954, p. 3 (INS, Laredo, 27 jun)",1954-06-28_ART_ElPorvenir_sigue-subiendo-nivel-rio-bravo-del-rio.txt,
8,1954-06-27,23:00,,Ciudad Acuña,Acuña bajo el agua,Comienza la inundación de Ciudad Acuña: diez mil personas huyen a las lomas; el agua sube más alto que los techos y provoca cien derrumbes.,"El Porvenir, 29 jun 1954, p. 1 (Saltillo, 28 jun)",1954-06-29_ART_ElPorvenir_acuna-piedras-negras-semi-arrasadas.txt,El despacho dice «desde las 23.00 horas de ayer».
9,1954-06-27,,,Matamoros / Pharr,Las primeras víctimas de Alice,"Salvador Villarreal, de 47 años, dueño de un café en Matamoros, muere electrocutado al caer un cable sobre su auto; Emelia Salinis, de 39, de Pharr, Texas, muere electrocutada al accionar un interruptor.","The Cuero Record, 27 jun 1954",1954-06-27_ART_CueroRecord_two-die-year-first-hurricane-alice-lower-valley-brownsville-matamoros.txt,Fecha de publicación; el Cleburne Times-Review sitúa las dos muertes el viernes 25.
10,1954-06-27,,,Frontera / El Paso,«Se deshizo en lluvia»,"United Press: el huracán «rained itself out» a lo largo de la frontera; el sábado su centro se deshacía en lluvia hasta El Paso, a 800 millas río arriba de Brownsville.","Cleburne Times-Review, 27 jun 1954 (UP)",1954-06-27_ART_CleburneTimesReview_hurricane-alice-self-out-heat-wave-continues-brownsville-el-paso.txt,
11,1954-06-27,,,"Langtry, Texas","El Sunset Limited, varado",Helicópteros de la Fuerza Aérea evacúan el domingo a 86 pasajeros del tren varado cerca de Langtry; 178 siguen a bordo cuando se suspenden los vuelos por la noche.,"Brenham Banner-Press, 28 jun 1954, p. 6 (UP)",1954-06-28_ART_Brenham-Banner-Press_rescate-pasajeros-Sunset-Limited-Langtry.txt,
12,1954-06-27,,,Ciudad Acuña,La avenida pasa por Acuña,"La avenida del Bravo pasa por Ciudad Acuña «hoy temprano» y se lleva, entre otros puentes, el del Pecos. El subjefe de la Policía del Estado, Ismael Ramos González, notifica a las autoridades de Acuña.","El Porvenir, 28 jun 1954, p. 2 (Saltillo, 27 jun)",1954-06-28_ART_ElPorvenir_avenida-rio-bravo-ciudad-acuna-puente-pecos.txt,
13,1954-06-27,,,Piedras Negras,«Probablemente Piedras Negras resistirá»,"El alcalde espera la cresta en Eagle Pass ese mismo día, con una subida de 10 o 15 metros, y sugerirá precauciones «en vista de que probablemente Piedras Negras resistirá inundaciones».","El Porvenir, 28 jun 1954, p. 2 (Saltillo, 27 jun)",1954-06-28_ART_ElPorvenir_avenida-rio-bravo-ciudad-acuna-puente-pecos.txt,
14,1954-06-27,,,Del Río / Presa Falcón,Del Río marca 7.3 metros,La escala de Del Río marca 7.3 m contra 0.92 m normales; se investiga una crecida de veinte metros en el Pecos o el Diablo; la cresta se espera en Laredo el martes o el miércoles. Falcón acumula 652.2 y deja pasar 41.6 m³/s.,"El Porvenir, 28 jun 1954, p. 1 (INS, Laredo, 27 jun)",1954-06-28_ART_ElPorvenir_enorme-creciente-rio-bravo-laredo.txt,
15,1954-06-27,,,Piedras Negras,Un día de fiesta,"Por la tarde y noche del domingo ni el paseo de la plaza ni los espectáculos se suspenden. Cientos recorren las márgenes; los muchachos se lanzan a la corriente a rescatar animales, muebles y troncos.","Faz Villarreal, M. H., «La Inundación de Piedras Negras, en Junio de 1954» (testimonio, archivo familiar)",1954-06-28_ART_FazVillarreal_inundacion-piedras-negras-testimonio-periodistico-manuscrito.txt,
16,1954-06-28,04:00,aprox.,"Piedras Negras, calle Zaragoza Sur",Disparos en la madrugada,"Varios disparos, la señal de alarma del pueblo, despiertan a los vecinos. En el río, el caudal «estaba por llegar al piso de los puentes».","Faz Villarreal, M. H., «La Inundación de Piedras Negras, en Junio de 1954» (testimonio, archivo familiar)",1954-06-28_ART_FazVillarreal_inundacion-piedras-negras-testimonio-periodistico-manuscrito.txt,
17,1954-06-28,12:00,,Piedras Negras,El agua entra a la ciudad,"El caudal llega a Piedras Negras, alcanza el nivel alto del puente de pasajeros e invade las calles con cerca de un metro de agua hasta las 13:00.","El Porvenir, 29 jun 1954, p. 1 (Saltillo, 28 jun)",1954-06-29_ART_ElPorvenir_acuna-piedras-negras-semi-arrasadas.txt,
18,1954-06-28,13:00,,Piedras Negras,Vuelan el puente del ferrocarril,«Fue volado el puente ferrocarrilero del lado mexicano a las 13 horas a efecto de evitar una represa que acabaría con la población». Los jefes de terminal informan que el puente «constituía un retén del agua».,"El Porvenir, 29 jun 1954, pp. 1 y 3",1954-06-29_ART_ElPorvenir_dinamitar-puente-fc-piedras-negras.txt,VERSIONES: El Nacional (28 jun) atribuye la voladura a «las autoridades americanas»; Faz Villarreal habla de la parte del puente de Eagle Pass a las 14:30.
19,1954-06-28,13:00,,Piedras Negras,«El primer aviso fue a la una»,"El maderero Manuel Olivares: «Nos avisaron, pero la gente no quería salir de la ciudad… Teníamos fe en el gran bordo». Sitúa el primer aviso a la una de la tarde del lunes.","Abilene Reporter-News, 1 jul 1954, p. 22 (AP)",1954-07-01_ART_AbileneReporterNews_hundreds-cried-vain-lumberman-olivares.txt,Choca con la cadena de avisos del sábado y el domingo.
20,1954-06-28,14:00,aprox.,"Piedras Negras, Puente Urbano",El Bravo brinca el puente,"El agua empieza a brincar el Puente Urbano. Cientos de curiosos siguen junto a la creciente, poniendo señales para ver si sube o baja.","Faz Villarreal, M. H., «La Inundación de Piedras Negras, en Junio de 1954» (testimonio, archivo familiar)",1954-06-28_ART_FazVillarreal_inundacion-piedras-negras-testimonio-periodistico-manuscrito.txt,
21,1954-06-28,14:30,aprox.,"Piedras Negras, calle Hidalgo",Un jet y una explosión,"Frente al Casino Nacional, Faz Villarreal ve un avión norteamericano de propulsión a chorro pasar bajo sobre el Puente Internacional y oye «una explosión apagada»: acababa de ser volada la parte del puente que pertenece a Eagle Pass.","Faz Villarreal, M. H., «La Inundación de Piedras Negras, en Junio de 1954» (testimonio, archivo familiar)",1954-06-28_ART_FazVillarreal_inundacion-piedras-negras-testimonio-periodistico-manuscrito.txt,Ver la voladura de las 13:00 (El Porvenir).
22,1954-06-28,16:00,aprox.,Piedras Negras,El agua entra por debajo del bordo,"Según Olivares, hacia las 4 p.m. el agua se filtra bajo el bordo por un antiguo cauce del sur; después empieza a rebasar el bordo norte.","Abilene Reporter-News, 1 jul 1954, p. 22 (AP)",1954-07-01_ART_AbileneReporterNews_hundreds-cried-vain-lumberman-olivares.txt,
23,1954-06-28,17:00,,Piedras Negras,Cinco toques de sirena,"Suenan los cinco toques de la sirena de Bomberos, la orden de abandonar la ciudad, «ya cuando el agua había invadido la ciudad».","Faz Villarreal, M. H., «La Inundación de Piedras Negras, en Junio de 1954» (testimonio, archivo familiar)",1954-06-28_ART_FazVillarreal_inundacion-piedras-negras-testimonio-periodistico-manuscrito.txt,
24,1954-06-28,17:15,,Monterrey,«No se había previsto técnicamente»,"Aterriza en Monterrey «El Aguador» con el secretario de Recursos Hidráulicos, Eduardo Chávez. Se acuerda un puente aéreo con centro en Monterrey. Chávez declara que la avenida «no se había previsto técnicamente».","El Porvenir, 29 jun 1954",1954-06-29_ART_ElPorvenir_nunca-rio-bravo-crecido-como-ahora.txt,
25,1954-06-28,19:00,aprox.,"Piedras Negras, avenida Progreso",El agua al pie de la loma,Los refugiados de la primera loma ven subir el agua «en una forma espantosamente rápida»; se inunda la casa de don Refugio Montemayor y la familia sale con el agua a la cintura.,"Faz Villarreal, M. H., «La Inundación de Piedras Negras, en Junio de 1954» (testimonio, archivo familiar)",1954-06-28_ART_FazVillarreal_inundacion-piedras-negras-testimonio-periodistico-manuscrito.txt,
26,1954-06-28,19:00,aprox.,"Piedras Negras, Garaje Bress",Un mar de llamas,"Entre las 7 y las 8 de la noche, la gasolina derramada sobre el agua en el Garaje Bress se incendia. Los vecinos que salen a pie con el agua a la cintura tienen que bucear para pasar.","Faz Villarreal, M. H., «La Inundación de Piedras Negras, en Junio de 1954» (testimonio, archivo familiar)",1954-06-28_ART_FazVillarreal_inundacion-piedras-negras-testimonio-periodistico-manuscrito.txt,El testimonio da «entre las 7:00 y las 8:00».
27,1954-06-28,,,Piedras Negras,El recorrido del bordo,"En la garita del Puente Urbano, Faz Villarreal se une al alcalde Rolando González, al celador Enrique Botello, al inspector Roberto Cantú y al regidor Celso Castañeda para recorrer el bordo de defensa.","Faz Villarreal, M. H., «La Inundación de Piedras Negras, en Junio de 1954» (testimonio, archivo familiar)",1954-06-28_ART_FazVillarreal_inundacion-piedras-negras-testimonio-periodistico-manuscrito.txt,Primeras horas del 28; sin hora exacta.
28,1954-06-28,,,Piedras Negras,"«Luego gritos, luego nada»","Olivares: «Podías oír a la gente gritando por ayuda, pero no podías verla. Podías oír las casas derrumbarse, luego gritos, luego nada».","Abilene Reporter-News, 1 jul 1954, p. 22 (AP)",1954-07-01_ART_AbileneReporterNews_hundreds-cried-vain-lumberman-olivares.txt,Noche del lunes 28.
29,1954-06-29,10:55,,"Ozona, Texas",La lista de Ozona,La defensa civil reporta 12 cuerpos recuperados y 5 desaparecidos en la inundación de Ozona.,"Sweetwater Reporter, 29 jun 1954",1954-06-29_ART_SweetwaterReporter_ozona-flood-victims-list.txt,El Weather Bureau cerraría en 16 ahogados.
30,1954-06-29,13:45,,Monterrey,El puente aéreo,"Aterrizan en el Aeropuerto del Norte dos C-47 y cuatro AT-11 de la Fuerza Aérea Mexicana. La CEIMSA entrega 2.5 toneladas de frijol y maíz, y el gobierno estatal 100 kg de DDT.","El Porvenir, 30 jun 1954",1954-06-30_ART_ElPorvenir_rapido-auxilio-damnificados-puente-aereo.txt,El despacho dice «13.45 horas de ayer».
31,1954-06-29,19:30,aprox.,Laredo,Cae el puente internacional,"Hacia las 7:30 de la noche una sección del puente internacional, construido en 1928, es arrastrada. A las 8:30 el río marca 58.72 pies; la cresta se espera en 62 a 63 pies hacia las 8 de la mañana.","Abilene Reporter-News, 30 jun 1954, p. 1 (AP)",1954-06-30_ART_AbileneReporterNews_international-bridge-laredo-washed.txt,
32,1954-06-29,,,Ciudad Acuña,Diez mil sin casa,"Diez mil de los 12,000 habitantes de Ciudad Acuña están sin hogar el martes.","The Texas City Sun, 30 jun 1954, p. 10 (UP)",1954-06-30_ART_TexasCitySun_12000-mexican-homeless-ciudad-acuna.txt,
33,1954-06-29,,,Laredo,Cuarenta mil fuera de sus casas,"France-Presse: el Bravo ha desalojado a por lo menos 40,000 personas y esa noche llega a 59.6 pies, «la máxima altura jamás registrada»; 25 muertos y desaparecidos hasta entonces.","El Nacional, 30 jun 1954 (Robert Mengin, France-Presse)",1954-06-30_ART_El-Nacional_Nivel-sin-Precedente-Aguas-Bravo-40000-Personas.txt,
34,1954-06-30,12:00,,Laredo / Nuevo Laredo,Los ahuyentaban con las manos,"Media docena de helicópteros del capitán I. Dworsky solo habían rescatado a cuatro personas hasta el mediodía: los aislados, algunos en azoteas, los ahuyentaban más veces de las que aceptaban ayuda.","The Daily Spokesman, 1 jul 1954, p. 6 (AP, Laredo, 30 jun)",1954-07-01_ART_DailySpokesman_victims-prefer-rescue-copters.txt,
35,1954-06-30,,,"Austin, Texas",Mil aislados,"El Centro Estatal de Desastres reporta cerca de 1,000 personas aisladas por el agua en Piedras Negras.","Abilene Reporter-News, 30 jun 1954, p. 3 (AP)",1954-06-30_ART_AbileneReporterNews_1000-stranded-piedras-negras.txt,
36,1954-06-30,,,Laredo / Eagle Pass,«2000 DEAD IN FLOOD»,"Titular de portada. En el cuerpo de la nota: funcionarios mexicanos estiman de 200 a 500 ahogados. El capitán D. J. Miller, que sobrevoló Piedras Negras el martes por la noche, dice no ver indicios de tantas muertes.","The Cuero Record, 30 jun 1954, pp. 1–2 (UP)",1954-06-30_ART_CueroRecord_piedras-negras-flood-2000-dead.txt,El titular no coincide con las cifras de la propia nota.
37,1954-06-30,,,Laredo,Treinta avionetas,"Un escuadrón de 30 avionetas de la Patrulla Aérea Civil, al mando del mayor Bob Deats, empieza a patrullar las tierras bajas al sur de Laredo en busca de aislados.","Abilene Reporter-News (vespertino), 30 jun 1954 (UP)",1954-06-30_ART_AbileneReporterNewsEvening__30-plane-squadron-to-patrol-lowlands.txt,
38,1954-06-30,,,Piedras Negras,38 cuerpos,"Se recuperan 38 cuerpos entre las ruinas. H. G. Walter, del Servicio de Salud Pública: «Nadie lo sabrá nunca… Si encuentran a un niño ahogado, lo entierran pronto».","Abilene Reporter-News, 1 jul 1954, pp. 1 y 3-A (AP, Eagle Pass, 30 jun)",1954-07-01_ART_AbileneReporterNews_flood-death-count-38-piedras-negras.txt,
39,1954-06-30,,,Ciudad de México,Ascenso para los telegrafistas,"La SCOP anuncia el ascenso al puesto inmediato superior del personal telegráfico de Piedras Negras y Villa Acuña, que trabajó «hasta que las aguas cubrieron materialmente los aparatos».","El Nacional Revolucionario, 1 jul 1954 («Desde el Palacio Nacional», José Soto Ponce)",1954-07-01_ART_El-Nacional-Revolucionario_Desde-Palacio-Nacional-Inundaciones.txt,
40,1954-06-30,,,Ciudad de México,"Falcón, «no un monumento inútil»","Eduardo Chávez declara que la presa Falcón «no ha sido un monumento inútil», sino una obra que detuvo las corrientes del Bravo tras la «destrucción, ruina y muerte» río arriba.","El Porvenir, 1 jul 1954 (A.E.E., México, 30 jun)",1954-07-01_ART_ElPorvenir_presa-falcon-obra-perfectamente-planeada.txt,
41,1954-06-30,,,Laredo / Presa Falcón,El balance oficial,"El Weather Bureau registra 62.21 pies en Laredo, 12.6 sobre el récord de 1932; 16 ahogados en Ozona y 38 en Piedras Negras. La presa Falcón, casi vacía, recibió 2,100,000 acres-pie sin derramar.","U.S. Weather Bureau, Climatological Data, National Summary, vol. 5 (1954), pp. 220–221",1954-06_DOC_USWeatherBureau__climatological-data-national-summary-rio-grande-flood-june-1954.txt,Resumen de todo junio; se coloca al cierre de la crecida.
42,1954-07-01,,,Piedras Negras,Niños bebiendo de los charcos,"Robert H. Johnson Jr. (AP): Piedras Negras es «un pueblo derrumbado de lodo, inmundicia, agua fangosa, niños pequeños bebiendo de los charcos». La cifra oficial sigue en 38; el agua aún tiene tres o cuatro pies en el centro.","Oakland Tribune, 1 jul 1954",1954-07-01_ART_Oakland_Tribune_Bedraggled_People_Dig_In_Mud_Filled_Homes_Piedras_Negras.txt,
43,1954-07-01,,,Piedras Negras,«Un enorme cementerio»,"El enviado de El Porvenir describe una ciudad que «parece solo un enorme cementerio» y la angustia de 37,000 damnificados en las lomas.","El Porvenir, 1 jul 1954, pp. 6–7",1954-07-01_ART_ElPorvenir_miseria-desolacion-piedras-negras-pp6-7.txt,"La nota recoge, como versión no comprobada, que en un bordo habría más de 500 cadáveres."
44,1954-07-01,,,Washington,Zona de desastre,"Eisenhower declara zona de desastre mayor los condados de Webb, Maverick, Val Verde, Crockett y Zapata, y envía sus condolencias al presidente Ruiz Cortines. Cifra del día: al menos 56 muertos, 38 en Piedras Negras y 18 en Ozona.","The Ennis Daily News, 1 jul 1954 (UP); despacho INS, 1 jul",1954-07-01_ART_EnnisDailyNews_ike-declares-disaster-area.txt,
45,1954-07-01,,,Washington,El Congreso se solidariza,"El Senado adopta la S. Con. Res. 93, que expresa la simpatía del Congreso a los damnificados del Bravo en Texas y México; el 2 de julio concurre con la H. Con. Res. 249, que además ofrece ayuda.","Congressional Record, Daily Digest, 1–2 jul 1954",1954-07-01-02_CONGRESSIONAL_RECORD_RioGrandeFlood_Resolutions.txt,
46,1954-07-01,,,Piedras Negras,«La ciudad ya huele a muerto»,"800 casas derrumbadas, 20 cadáveres sin identificar, miles viviendo en chozas en los lomeríos. Ese día se presenta el primer caso de poliomielitis.","El Porvenir, 2 jul 1954, p. 1 (A.E.E., Piedras Negras, 1 jul)",1954-07-02_ART_ElPorvenir_piedras-negras-intemperie.txt,
47,1954-07-01,,,Ciudad de México,La CTM retira sus huelgas,La CTM retira los emplazamientos de huelga en las ciudades fronterizas. Fidel Velázquez: es «inoportuno crear conflictos obreros».,"El Porvenir, 2 jul 1954 (A.E.E., México, 1 jul)",1954-07-02_ART_ElPorvenir_ctm-cancela-huelgas-frontera.txt,
48,1954-07-02,,,Eagle Pass,La ayuda detenida por el protocolo,"Balance: 62 muertos y de 90 a 400 desaparecidos. Piedras Negras anuncia 38 muertos y 90 desaparecidos, cifra que «puede ser una burla». La ayuda de EE.UU. no cruza: el protocolo exige una petición formal mexicana.","Abilene Reporter-News, 2 jul 1954, p. 1; Oakland Tribune, 2 jul 1954 (AP)",1954-07-02_ART_Oakland_Tribune_US_Ignores_Protocol_in_Flood_Assistance.txt,
